personality_index,scenario_seed,action_seed,steps,final_time,coursework_effort_done,coursework_effort_target,coursework_status,coursework_completed_at,coursework_execution_count,final_commitment_status,final_commitment_task_id,wallet,unread_messages,weather,temperature_celsius,phone_uses,computer_uses,study_sessions,rest_sessions,bathroom_visits,meals_collected,online_orders,final_boredom,final_fatigue,final_task_pressure,final_satisfaction,final_hunger,final_bathroom_urge,final_anxiety,final_screen_strain,final_purchase_urge
1,1101,3448048099,256,"Day 8 12:52",8.581926,8.581926,completed,2936,18,none,"",0,7,"rain",17.000000,47,40,18,42,20,23,4,0.065000,0.006000,0.000000,0.970000,0.108333,0.000000,0.654439,0.014000,0.256600
2,1101,3448049108,256,"Day 9 07:37",8.581926,8.581926,completed,4054,16,none,"",0,8,"rain",24.000000,42,52,16,43,22,24,4,0.000000,0.424026,0.196706,0.980000,0.050000,0.236667,0.491006,0.375000,0.334000
3,1101,3448050117,256,"Day 9 19:05",8.581926,8.581926,completed,3198,12,none,"",0,9,"clear",17.000000,48,41,12,39,22,24,4,0.005000,0.101841,0.234678,1.000000,0.219167,0.000000,0.980000,0.080000,0.076000
4,1101,3448051126,256,"Day 8 20:35",8.581926,8.581926,completed,3839,17,none,"",0,8,"rain",24.000000,45,41,17,44,17,23,4,0.080000,0.248883,0.277134,0.826667,0.498333,0.502000,1.000000,0.000000,0.304000
5,1101,3448052135,256,"Day 7 21:50",8.581926,8.581926,completed,3040,13,none,"",0,7,"rain",17.000000,50,38,13,43,21,20,4,0.380000,0.014000,0.166491,0.894945,0.104167,0.006667,0.983129,0.000000,0.374000
6,1101,3448053144,256,"Day 8 11:43",8.581926,8.581926,completed,4255,15,none,"",0,7,"rain",17.000000,43,44,15,41,20,22,4,0.183333,0.144860,0.063403,0.731333,0.146667,0.217333,0.965297,0.045000,0.164800
7,1101,3448054153,256,"Day 8 20:30",8.581926,8.581926,completed,1740,15,none,"",30,8,"rain",24.000000,36,43,15,59,20,25,3,0.235333,0.092108,0.126348,1.000000,0.216667,0.163333,0.082702,0.095000,0.085000
8,1101,3448055162,256,"Day 7 08:02",8.581926,8.581926,completed,3527,15,none,"",0,6,"rain",17.000000,46,33,15,41,21,21,4,0.060333,0.371235,0.136422,0.669667,0.188333,0.140667,1.000000,0.254000,0.963400
9,1101,3448056171,256,"Day 6 18:50",8.581926,8.581926,completed,2528,15,none,"",0,6,"rain",17.000000,46,25,15,44,20,21,4,0.123333,0.275724,0.000000,0.842262,0.104167,0.106667,0.978316,0.165000,0.787400
10,1101,3448057180,256,"Day 6 12:54",8.581926,8.581926,completed,2497,14,none,"",0,5,"clear",17.000000,49,22,14,37,15,21,4,0.005000,0.217897,0.000000,0.609314,0.054167,0.000000,1.000000,0.179000,0.991000
11,1101,3448058189,256,"Day 7 05:56",8.581926,8.581926,completed,2301,13,none,"",0,6,"rain",17.000000,51,31,13,44,17,22,4,0.155000,0.046285,0.000000,0.905003,0.050000,0.230000,0.905968,0.000000,0.692400
12,1101,3448059198,256,"Day 9 17:52",8.581926,8.581926,completed,3255,19,none,"",0,9,"clear",17.000000,57,38,19,50,17,25,4,0.007667,0.020000,0.000000,0.990085,0.012500,0.126000,0.550717,0.000000,0.090400
13,1101,3448060207,256,"Day 7 21:26",8.581926,8.581926,completed,2883,14,none,"",0,7,"rain",17.000000,39,27,14,58,21,28,4,0.183333,0.000000,0.000000,0.823333,0.091667,0.096667,0.459023,0.000000,0.203800
14,1101,3448061216,256,"Day 7 23:23",8.581926,8.581926,completed,4053,19,none,"",0,7,"rain",17.000000,43,20,19,64,21,24,4,0.123333,0.104923,0.000000,0.835000,0.120833,0.086667,0.387015,0.085000,0.202000
15,1101,3448062225,256,"Day 7 17:48",8.581926,8.581926,completed,4409,20,none,"",0,7,"rain",17.000000,40,24,20,54,22,27,4,0.128333,0.131291,0.000000,1.000000,0.000000,0.153333,0.028389,0.035000,0.000000
16,1101,3448063234,256,"Day 6 06:10",8.581926,8.581926,completed,2428,13,none,"",0,5,"clear",17.000000,45,23,13,35,19,18,4,0.151667,0.205972,0.000000,0.824813,0.062500,0.040000,1.000000,0.190000,0.906000
17,1101,3448064243,256,"Day 8 12:34",8.581926,8.581926,completed,2952,14,none,"",60,7,"rain",17.000000,43,33,14,57,21,29,2,0.435000,0.012000,0.000000,0.840000,0.116667,0.060000,0.003067,0.000000,0.080000
18,1101,3448065252,256,"Day 9 20:30",8.581926,8.581926,completed,3097,15,none,"",0,9,"clear",17.000000,46,51,15,49,20,25,4,0.188333,0.223317,0.000000,0.976667,0.130000,0.046667,0.479282,0.000000,0.007000
19,1101,3448066261,256,"Day 7 23:51",8.581926,8.581926,completed,2341,14,none,"",0,7,"rain",17.000000,52,40,14,49,19,23,4,0.000000,0.252646,0.000000,0.980000,0.062500,0.040000,0.499589,0.190000,0.325400
20,1101,3448067270,256,"Day 9 08:15",8.581926,8.581926,completed,3195,14,none,"",0,8,"rain",24.000000,55,35,14,55,21,25,4,0.000000,0.335097,0.062344,0.970000,0.141667,0.016667,0.131255,0.240000,0.201400
21,1101,3448068279,256,"Day 8 11:46",8.581926,8.581926,completed,2822,16,none,"",0,7,"rain",17.000000,43,46,16,47,20,21,4,0.430000,0.292451,0.103250,0.840000,0.120833,0.120000,0.520657,0.049000,0.031400
22,1101,3448069288,256,"Day 9 11:21",8.581926,8.581926,completed,2897,16,none,"",0,9,"rain",24.000000,51,51,16,47,23,24,4,0.188667,0.000400,0.000000,1.000000,0.200833,0.047333,0.239365,0.000000,0.033400
23,1101,3448070297,256,"Day 9 09:35",8.581926,8.581926,completed,4851,17,none,"",0,9,"rain",24.000000,50,37,17,41,22,23,4,0.000000,0.271055,0.080551,1.000000,0.170833,0.033333,0.740673,0.245000,0.277000
24,1101,3448071306,256,"Day 7 10:37",8.581926,8.581926,completed,3632,17,none,"",0,7,"rain",17.000000,44,33,17,42,22,20,4,0.000000,0.205334,0.000000,0.961094,0.212500,0.096667,1.000000,0.135000,0.726800
25,1101,3448072315,256,"Day 9 15:07",8.581926,8.581926,completed,3878,20,none,"",30,9,"clear",24.000000,31,50,20,52,22,26,3,0.000000,0.236891,0.000000,0.968333,0.055000,0.107333,0.282447,0.175000,0.067000
26,1101,3448073324,256,"Day 8 11:15",8.581926,8.581926,completed,3509,19,none,"",0,7,"rain",17.000000,49,39,19,51,23,26,4,0.110333,0.118804,0.000000,0.949667,0.442500,0.420667,0.761307,0.000000,0.195400
27,1101,3448074333,256,"Day 9 22:02",8.581926,8.581926,completed,4273,16,none,"",0,9,"clear",17.000000,52,39,16,48,22,27,4,0.000000,0.206961,0.000000,0.968333,0.125000,0.170000,0.259443,0.165000,0.113000
28,1101,3448075342,256,"Day 8 11:08",8.581926,8.581926,completed,2276,14,none,"",0,7,"rain",17.000000,51,35,14,62,21,21,4,0.123333,0.120207,0.000000,0.846667,0.620833,0.400000,0.428652,0.070000,0.039400
29,1101,3448076351,256,"Day 9 10:05",8.581926,8.581926,completed,2737,16,none,"",0,9,"rain",24.000000,48,45,16,59,23,25,4,0.000000,0.378584,0.000000,1.000000,0.708333,0.050000,0.393631,0.340000,0.316000
30,1101,3448077360,256,"Day 7 11:03",8.581926,8.581926,completed,2916,16,none,"",0,7,"rain",17.000000,49,29,16,49,22,26,4,0.128333,0.204942,0.000000,1.000000,0.041667,0.000000,0.346250,0.070000,0.074400
31,1101,3448078369,256,"Day 8 22:52",8.581926,8.581926,completed,4218,19,none,"",0,8,"rain",24.000000,45,35,19,47,18,23,4,0.091667,0.014000,0.000000,1.000000,0.000000,0.160000,0.852455,0.000000,0.139800
32,1101,3448079378,256,"Day 9 05:41",8.581926,8.581926,completed,3700,20,none,"",0,8,"rain",24.000000,41,48,20,48,21,23,4,0.368333,0.004000,0.000000,0.946667,0.087500,0.070000,0.641681,0.000000,0.000000
