arm	request	timestamp	clock	clock_ok	candidate_count	candidates_json	planned_duration_min	planned_duration_max	raw_pi_sum	raw_pi_json	raw_answer_choice	runtime_sampled_action	state_tokens	state_budget	state_margin	full_input_tokens	full_input_limit	full_input_margin	question_head_tokens	question_head_margin	H1_episodes	H2_action_types	all_checks_pass
no_history	1	490	Day 1 08:10	True	13	[{"action":"idle","target":"","planned_minutes":10},{"action":"use_phone","target":"phone","planned_minutes":25},{"action":"shop_on_phone","target":"phone","planned_minutes":20},{"action":"use_computer","target":"computer","planned_minutes":30},{"action":"study_at_computer","target":"computer","planned_minutes":35},{"action":"study_focused","target":"desk","planned_minutes":35},{"action":"study_halfhearted","target":"desk","planned_minutes":35},{"action":"rest_at_bed","target":"bed","planned_minutes":60},{"action":"sleep_at_bed","target":"bed","planned_minutes":480},{"action":"go_to_bathroom","target":"door","planned_minutes":15},{"action":"get_meal","target":"door","planned_minutes":35},{"action":"turn_light_off","target":"light","planned_minutes":1},{"action":"close_curtain","target":"window","planned_minutes":1}]	1	480	1.0002	{"close_curtain":0.0542,"get_meal":0.0393,"go_to_bathroom":0.0514,"idle":0.1031,"rest_at_bed":0.1144,"shop_on_phone":0.0308,"sleep_at_bed":0.0687,"study_at_computer":0.0928,"study_focused":0.0867,"study_halfhearted":0.0968,"turn_light_off":0.064,"use_computer":0.1071,"use_phone":0.0909}	rest_at_bed	idle	463	784	321	703	1024	321	118	20	0	0	True
no_history	2	500	Day 1 08:20	True	13	[{"action":"idle","target":"","planned_minutes":10},{"action":"use_phone","target":"phone","planned_minutes":25},{"action":"shop_on_phone","target":"phone","planned_minutes":20},{"action":"use_computer","target":"computer","planned_minutes":30},{"action":"study_at_computer","target":"computer","planned_minutes":35},{"action":"study_focused","target":"desk","planned_minutes":35},{"action":"study_halfhearted","target":"desk","planned_minutes":35},{"action":"rest_at_bed","target":"bed","planned_minutes":60},{"action":"sleep_at_bed","target":"bed","planned_minutes":480},{"action":"go_to_bathroom","target":"door","planned_minutes":15},{"action":"get_meal","target":"door","planned_minutes":35},{"action":"turn_light_off","target":"light","planned_minutes":1},{"action":"close_curtain","target":"window","planned_minutes":1}]	1	480	1.0	{"close_curtain":0.0538,"get_meal":0.0424,"go_to_bathroom":0.0574,"idle":0.0874,"rest_at_bed":0.1223,"shop_on_phone":0.0337,"sleep_at_bed":0.0882,"study_at_computer":0.0924,"study_focused":0.08,"study_halfhearted":0.0844,"turn_light_off":0.0585,"use_computer":0.1082,"use_phone":0.0913}	rest_at_bed	study_halfhearted	464	784	320	704	1024	320	118	20	0	0	True
no_history	3	535	Day 1 08:55	True	13	[{"action":"idle","target":"","planned_minutes":10},{"action":"use_phone","target":"phone","planned_minutes":25},{"action":"shop_on_phone","target":"phone","planned_minutes":20},{"action":"use_computer","target":"computer","planned_minutes":30},{"action":"study_at_computer","target":"computer","planned_minutes":35},{"action":"study_focused","target":"desk","planned_minutes":35},{"action":"study_halfhearted","target":"desk","planned_minutes":35},{"action":"rest_at_bed","target":"bed","planned_minutes":60},{"action":"sleep_at_bed","target":"bed","planned_minutes":480},{"action":"go_to_bathroom","target":"door","planned_minutes":15},{"action":"get_meal","target":"door","planned_minutes":35},{"action":"turn_light_off","target":"light","planned_minutes":1},{"action":"close_curtain","target":"window","planned_minutes":1}]	1	480	0.9999	{"close_curtain":0.065,"get_meal":0.0595,"go_to_bathroom":0.0531,"idle":0.0952,"rest_at_bed":0.0705,"shop_on_phone":0.0254,"sleep_at_bed":0.0594,"study_at_computer":0.1095,"study_focused":0.1066,"study_halfhearted":0.1025,"turn_light_off":0.0616,"use_computer":0.1053,"use_phone":0.0863}	study_at_computer	use_phone	470	784	314	710	1024	314	118	20	0	0	True
no_history	4	560	Day 1 09:20	True	13	[{"action":"idle","target":"","planned_minutes":10},{"action":"use_phone","target":"phone","planned_minutes":25},{"action":"shop_on_phone","target":"phone","planned_minutes":20},{"action":"use_computer","target":"computer","planned_minutes":30},{"action":"study_at_computer","target":"computer","planned_minutes":35},{"action":"study_focused","target":"desk","planned_minutes":35},{"action":"study_halfhearted","target":"desk","planned_minutes":35},{"action":"rest_at_bed","target":"bed","planned_minutes":60},{"action":"sleep_at_bed","target":"bed","planned_minutes":480},{"action":"go_to_bathroom","target":"door","planned_minutes":15},{"action":"get_meal","target":"door","planned_minutes":35},{"action":"turn_light_off","target":"light","planned_minutes":1},{"action":"close_curtain","target":"window","planned_minutes":1}]	1	480	0.9999	{"close_curtain":0.064,"get_meal":0.0528,"go_to_bathroom":0.0432,"idle":0.1101,"rest_at_bed":0.0847,"shop_on_phone":0.0377,"sleep_at_bed":0.0679,"study_at_computer":0.0951,"study_focused":0.0842,"study_halfhearted":0.0867,"turn_light_off":0.0542,"use_computer":0.1112,"use_phone":0.1081}	use_computer	sleep_at_bed	482	784	302	722	1024	302	118	20	0	0	True
no_history	5	740	Day 1 12:20	True	13	[{"action":"idle","target":"","planned_minutes":10},{"action":"use_phone","target":"phone","planned_minutes":25},{"action":"shop_on_phone","target":"phone","planned_minutes":20},{"action":"use_computer","target":"computer","planned_minutes":30},{"action":"study_at_computer","target":"computer","planned_minutes":35},{"action":"study_focused","target":"desk","planned_minutes":35},{"action":"study_halfhearted","target":"desk","planned_minutes":35},{"action":"rest_at_bed","target":"bed","planned_minutes":60},{"action":"sleep_at_bed","target":"bed","planned_minutes":480},{"action":"go_to_bathroom","target":"door","planned_minutes":15},{"action":"get_meal","target":"door","planned_minutes":35},{"action":"turn_light_off","target":"light","planned_minutes":1},{"action":"close_curtain","target":"window","planned_minutes":1}]	1	480	1.0	{"close_curtain":0.0259,"get_meal":0.0166,"go_to_bathroom":0.0272,"idle":0.0326,"rest_at_bed":0.1772,"shop_on_phone":0.0109,"sleep_at_bed":0.4928,"study_at_computer":0.045,"study_focused":0.0393,"study_halfhearted":0.0433,"turn_light_off":0.02,"use_computer":0.0364,"use_phone":0.0328}	sleep_at_bed	sleep_at_bed	484	784	300	724	1024	300	118	20	0	0	True
no_history	6	926	Day 1 15:26	True	13	[{"action":"idle","target":"","planned_minutes":10},{"action":"use_phone","target":"phone","planned_minutes":25},{"action":"shop_on_phone","target":"phone","planned_minutes":20},{"action":"use_computer","target":"computer","planned_minutes":30},{"action":"study_at_computer","target":"computer","planned_minutes":35},{"action":"study_focused","target":"desk","planned_minutes":35},{"action":"study_halfhearted","target":"desk","planned_minutes":35},{"action":"rest_at_bed","target":"bed","planned_minutes":60},{"action":"sleep_at_bed","target":"bed","planned_minutes":480},{"action":"go_to_bathroom","target":"door","planned_minutes":15},{"action":"get_meal","target":"door","planned_minutes":35},{"action":"turn_light_off","target":"light","planned_minutes":1},{"action":"close_curtain","target":"window","planned_minutes":1}]	1	480	1.0	{"close_curtain":0.0239,"get_meal":0.0164,"go_to_bathroom":0.0317,"idle":0.033,"rest_at_bed":0.2985,"shop_on_phone":0.0104,"sleep_at_bed":0.3762,"study_at_computer":0.0415,"study_focused":0.0388,"study_halfhearted":0.0442,"turn_light_off":0.021,"use_computer":0.0339,"use_phone":0.0305}	sleep_at_bed	rest_at_bed	486	784	298	726	1024	298	118	20	0	0	True
no_history	7	986	Day 1 16:26	True	13	[{"action":"idle","target":"","planned_minutes":10},{"action":"use_phone","target":"phone","planned_minutes":25},{"action":"shop_on_phone","target":"phone","planned_minutes":20},{"action":"use_computer","target":"computer","planned_minutes":30},{"action":"study_at_computer","target":"computer","planned_minutes":35},{"action":"study_focused","target":"desk","planned_minutes":35},{"action":"study_halfhearted","target":"desk","planned_minutes":35},{"action":"rest_at_bed","target":"bed","planned_minutes":60},{"action":"sleep_at_bed","target":"bed","planned_minutes":480},{"action":"go_to_bathroom","target":"door","planned_minutes":15},{"action":"get_meal","target":"door","planned_minutes":35},{"action":"turn_light_off","target":"light","planned_minutes":1},{"action":"close_curtain","target":"window","planned_minutes":1}]	1	480	1.0	{"close_curtain":0.0505,"get_meal":0.041,"go_to_bathroom":0.044,"idle":0.1045,"rest_at_bed":0.0865,"shop_on_phone":0.0422,"sleep_at_bed":0.0631,"study_at_computer":0.1082,"study_focused":0.0921,"study_halfhearted":0.0996,"turn_light_off":0.0578,"use_computer":0.1063,"use_phone":0.1042}	study_at_computer	idle	480	784	304	720	1024	304	118	20	0	0	True
no_history	8	996	Day 1 16:36	True	13	[{"action":"idle","target":"","planned_minutes":10},{"action":"use_phone","target":"phone","planned_minutes":25},{"action":"shop_on_phone","target":"phone","planned_minutes":20},{"action":"use_computer","target":"computer","planned_minutes":30},{"action":"study_at_computer","target":"computer","planned_minutes":35},{"action":"study_focused","target":"desk","planned_minutes":35},{"action":"study_halfhearted","target":"desk","planned_minutes":35},{"action":"rest_at_bed","target":"bed","planned_minutes":60},{"action":"sleep_at_bed","target":"bed","planned_minutes":480},{"action":"go_to_bathroom","target":"door","planned_minutes":15},{"action":"get_meal","target":"door","planned_minutes":35},{"action":"turn_light_off","target":"light","planned_minutes":1},{"action":"close_curtain","target":"window","planned_minutes":1}]	1	480	0.9999	{"close_curtain":0.0503,"get_meal":0.0499,"go_to_bathroom":0.0488,"idle":0.1115,"rest_at_bed":0.0963,"shop_on_phone":0.0355,"sleep_at_bed":0.0615,"study_at_computer":0.0962,"study_focused":0.0899,"study_halfhearted":0.0925,"turn_light_off":0.0622,"use_computer":0.1042,"use_phone":0.1011}	idle	sleep_at_bed	477	784	307	717	1024	307	118	20	0	0	True
no_history	9	1476	Day 2 00:36	True	13	[{"action":"idle","target":"","planned_minutes":10},{"action":"use_phone","target":"phone","planned_minutes":25},{"action":"shop_on_phone","target":"phone","planned_minutes":20},{"action":"use_computer","target":"computer","planned_minutes":30},{"action":"study_at_computer","target":"computer","planned_minutes":35},{"action":"study_focused","target":"desk","planned_minutes":35},{"action":"study_halfhearted","target":"desk","planned_minutes":35},{"action":"rest_at_bed","target":"bed","planned_minutes":60},{"action":"sleep_at_bed","target":"bed","planned_minutes":480},{"action":"go_to_bathroom","target":"door","planned_minutes":15},{"action":"get_meal","target":"door","planned_minutes":35},{"action":"turn_light_off","target":"light","planned_minutes":1},{"action":"close_curtain","target":"window","planned_minutes":1}]	1	480	1.0	{"close_curtain":0.0371,"get_meal":0.0336,"go_to_bathroom":0.0289,"idle":0.0875,"rest_at_bed":0.1031,"shop_on_phone":0.023,"sleep_at_bed":0.0605,"study_at_computer":0.1261,"study_focused":0.1251,"study_halfhearted":0.1282,"turn_light_off":0.042,"use_computer":0.1134,"use_phone":0.0915}	study_halfhearted	get_meal	500	784	284	740	1024	284	118	20	0	0	True
no_history	10	1511	Day 2 01:11	True	13	[{"action":"idle","target":"","planned_minutes":10},{"action":"use_phone","target":"phone","planned_minutes":25},{"action":"shop_on_phone","target":"phone","planned_minutes":20},{"action":"use_computer","target":"computer","planned_minutes":30},{"action":"study_at_computer","target":"computer","planned_minutes":35},{"action":"study_focused","target":"desk","planned_minutes":35},{"action":"study_halfhearted","target":"desk","planned_minutes":35},{"action":"rest_at_bed","target":"bed","planned_minutes":60},{"action":"sleep_at_bed","target":"bed","planned_minutes":480},{"action":"go_to_bathroom","target":"door","planned_minutes":15},{"action":"get_meal","target":"door","planned_minutes":35},{"action":"turn_light_off","target":"light","planned_minutes":1},{"action":"close_curtain","target":"window","planned_minutes":1}]	1	480	0.9999	{"close_curtain":0.0359,"get_meal":0.0375,"go_to_bathroom":0.0335,"idle":0.0948,"rest_at_bed":0.0967,"shop_on_phone":0.0172,"sleep_at_bed":0.0449,"study_at_computer":0.1429,"study_focused":0.1353,"study_halfhearted":0.1262,"turn_light_off":0.0402,"use_computer":0.1169,"use_phone":0.0779}	study_at_computer	sleep_at_bed	492	784	292	732	1024	292	118	20	0	0	True
no_history	11	1691	Day 2 04:11	True	1	[{"action":"go_to_bathroom","target":"door","planned_minutes":15}]	15	15	1.0	{"go_to_bathroom":1.0}	go_to_bathroom	go_to_bathroom	513	890	377	647	1024	377	118	126	0	0	True
no_history	12	1706	Day 2 04:26	True	13	[{"action":"idle","target":"","planned_minutes":10},{"action":"use_phone","target":"phone","planned_minutes":25},{"action":"shop_on_phone","target":"phone","planned_minutes":20},{"action":"use_computer","target":"computer","planned_minutes":30},{"action":"study_at_computer","target":"computer","planned_minutes":35},{"action":"study_focused","target":"desk","planned_minutes":35},{"action":"study_halfhearted","target":"desk","planned_minutes":35},{"action":"rest_at_bed","target":"bed","planned_minutes":60},{"action":"sleep_at_bed","target":"bed","planned_minutes":480},{"action":"go_to_bathroom","target":"door","planned_minutes":15},{"action":"get_meal","target":"door","planned_minutes":35},{"action":"turn_light_off","target":"light","planned_minutes":1},{"action":"close_curtain","target":"window","planned_minutes":1}]	1	480	0.9999	{"close_curtain":0.0354,"get_meal":0.0331,"go_to_bathroom":0.0266,"idle":0.1087,"rest_at_bed":0.1043,"shop_on_phone":0.0183,"sleep_at_bed":0.0584,"study_at_computer":0.1222,"study_focused":0.1346,"study_halfhearted":0.1288,"turn_light_off":0.0426,"use_computer":0.1079,"use_phone":0.079}	study_focused	get_meal	498	784	286	738	1024	286	118	20	0	0	True
no_history	13	1741	Day 2 05:01	True	13	[{"action":"idle","target":"","planned_minutes":10},{"action":"use_phone","target":"phone","planned_minutes":25},{"action":"shop_on_phone","target":"phone","planned_minutes":20},{"action":"use_computer","target":"computer","planned_minutes":30},{"action":"study_at_computer","target":"computer","planned_minutes":35},{"action":"study_focused","target":"desk","planned_minutes":35},{"action":"study_halfhearted","target":"desk","planned_minutes":35},{"action":"rest_at_bed","target":"bed","planned_minutes":60},{"action":"sleep_at_bed","target":"bed","planned_minutes":480},{"action":"go_to_bathroom","target":"door","planned_minutes":15},{"action":"get_meal","target":"door","planned_minutes":35},{"action":"turn_light_off","target":"light","planned_minutes":1},{"action":"close_curtain","target":"window","planned_minutes":1}]	1	480	1.0	{"close_curtain":0.0362,"get_meal":0.0343,"go_to_bathroom":0.0325,"idle":0.0922,"rest_at_bed":0.1052,"shop_on_phone":0.0249,"sleep_at_bed":0.0595,"study_at_computer":0.1118,"study_focused":0.1341,"study_halfhearted":0.1316,"turn_light_off":0.0396,"use_computer":0.1037,"use_phone":0.0944}	study_focused	turn_light_off	499	784	285	739	1024	285	118	20	0	0	True
no_history	14	1742	Day 2 05:02	True	10	[{"action":"idle","target":"","planned_minutes":10},{"action":"use_phone","target":"phone","planned_minutes":25},{"action":"shop_on_phone","target":"phone","planned_minutes":20},{"action":"use_computer","target":"computer","planned_minutes":30},{"action":"rest_at_bed","target":"bed","planned_minutes":60},{"action":"sleep_at_bed","target":"bed","planned_minutes":480},{"action":"go_to_bathroom","target":"door","planned_minutes":15},{"action":"get_meal","target":"door","planned_minutes":35},{"action":"turn_light_on","target":"light","planned_minutes":1},{"action":"close_curtain","target":"window","planned_minutes":1}]	1	480	1.0	{"close_curtain":0.0752,"get_meal":0.0819,"go_to_bathroom":0.0864,"idle":0.1323,"rest_at_bed":0.1034,"shop_on_phone":0.086,"sleep_at_bed":0.096,"turn_light_on":0.0945,"use_computer":0.1245,"use_phone":0.1198}	idle	shop_on_phone	499	811	312	712	1024	312	118	47	0	0	True
no_history	15	1762	Day 2 05:22	True	10	[{"action":"idle","target":"","planned_minutes":10},{"action":"use_phone","target":"phone","planned_minutes":25},{"action":"shop_on_phone","target":"phone","planned_minutes":20},{"action":"use_computer","target":"computer","planned_minutes":30},{"action":"rest_at_bed","target":"bed","planned_minutes":60},{"action":"sleep_at_bed","target":"bed","planned_minutes":480},{"action":"go_to_bathroom","target":"door","planned_minutes":15},{"action":"get_meal","target":"door","planned_minutes":35},{"action":"turn_light_on","target":"light","planned_minutes":1},{"action":"close_curtain","target":"window","planned_minutes":1}]	1	480	0.9999	{"close_curtain":0.0709,"get_meal":0.0818,"go_to_bathroom":0.0841,"idle":0.1411,"rest_at_bed":0.1029,"shop_on_phone":0.0792,"sleep_at_bed":0.0965,"turn_light_on":0.1032,"use_computer":0.1231,"use_phone":0.1171}	idle	idle	507	811	304	720	1024	304	118	47	0	0	True
no_history	16	1772	Day 2 05:32	True	10	[{"action":"idle","target":"","planned_minutes":10},{"action":"use_phone","target":"phone","planned_minutes":25},{"action":"shop_on_phone","target":"phone","planned_minutes":20},{"action":"use_computer","target":"computer","planned_minutes":30},{"action":"rest_at_bed","target":"bed","planned_minutes":60},{"action":"sleep_at_bed","target":"bed","planned_minutes":480},{"action":"go_to_bathroom","target":"door","planned_minutes":15},{"action":"get_meal","target":"door","planned_minutes":35},{"action":"turn_light_on","target":"light","planned_minutes":1},{"action":"close_curtain","target":"window","planned_minutes":1}]	1	480	1.0	{"close_curtain":0.0764,"get_meal":0.0857,"go_to_bathroom":0.0889,"idle":0.1462,"rest_at_bed":0.1039,"shop_on_phone":0.0766,"sleep_at_bed":0.1002,"turn_light_on":0.1044,"use_computer":0.1084,"use_phone":0.1093}	idle	use_phone	507	811	304	720	1024	304	118	47	0	0	True
no_history	17	1797	Day 2 05:57	True	10	[{"action":"idle","target":"","planned_minutes":10},{"action":"use_phone","target":"phone","planned_minutes":25},{"action":"shop_on_phone","target":"phone","planned_minutes":20},{"action":"use_computer","target":"computer","planned_minutes":30},{"action":"rest_at_bed","target":"bed","planned_minutes":60},{"action":"sleep_at_bed","target":"bed","planned_minutes":480},{"action":"go_to_bathroom","target":"door","planned_minutes":15},{"action":"get_meal","target":"door","planned_minutes":35},{"action":"turn_light_on","target":"light","planned_minutes":1},{"action":"close_curtain","target":"window","planned_minutes":1}]	1	480	1.0001	{"close_curtain":0.069,"get_meal":0.0861,"go_to_bathroom":0.0881,"idle":0.1339,"rest_at_bed":0.1002,"shop_on_phone":0.079,"sleep_at_bed":0.0924,"turn_light_on":0.1038,"use_computer":0.1312,"use_phone":0.1164}	idle	sleep_at_bed	503	811	308	716	1024	308	118	47	0	0	True
history	1	490	Day 1 08:10	True	13	[{"action":"idle","target":"","planned_minutes":10},{"action":"use_phone","target":"phone","planned_minutes":25},{"action":"shop_on_phone","target":"phone","planned_minutes":20},{"action":"use_computer","target":"computer","planned_minutes":30},{"action":"study_at_computer","target":"computer","planned_minutes":35},{"action":"study_focused","target":"desk","planned_minutes":35},{"action":"study_halfhearted","target":"desk","planned_minutes":35},{"action":"rest_at_bed","target":"bed","planned_minutes":60},{"action":"sleep_at_bed","target":"bed","planned_minutes":480},{"action":"go_to_bathroom","target":"door","planned_minutes":15},{"action":"get_meal","target":"door","planned_minutes":35},{"action":"turn_light_off","target":"light","planned_minutes":1},{"action":"close_curtain","target":"window","planned_minutes":1}]	1	480	1.0	{"close_curtain":0.0121,"get_meal":0.0066,"go_to_bathroom":0.005,"idle":0.6776,"rest_at_bed":0.0266,"shop_on_phone":0.0117,"sleep_at_bed":0.0454,"study_at_computer":0.0382,"study_focused":0.0372,"study_halfhearted":0.0383,"turn_light_off":0.0158,"use_computer":0.0481,"use_phone":0.0374}	idle	idle	497	784	287	737	1024	287	118	20	1	1	True
history	2	500	Day 1 08:20	True	13	[{"action":"idle","target":"","planned_minutes":10},{"action":"use_phone","target":"phone","planned_minutes":25},{"action":"shop_on_phone","target":"phone","planned_minutes":20},{"action":"use_computer","target":"computer","planned_minutes":30},{"action":"study_at_computer","target":"computer","planned_minutes":35},{"action":"study_focused","target":"desk","planned_minutes":35},{"action":"study_halfhearted","target":"desk","planned_minutes":35},{"action":"rest_at_bed","target":"bed","planned_minutes":60},{"action":"sleep_at_bed","target":"bed","planned_minutes":480},{"action":"go_to_bathroom","target":"door","planned_minutes":15},{"action":"get_meal","target":"door","planned_minutes":35},{"action":"turn_light_off","target":"light","planned_minutes":1},{"action":"close_curtain","target":"window","planned_minutes":1}]	1	480	0.9999	{"close_curtain":0.0156,"get_meal":0.0096,"go_to_bathroom":0.0064,"idle":0.6308,"rest_at_bed":0.0291,"shop_on_phone":0.0201,"sleep_at_bed":0.0451,"study_at_computer":0.0462,"study_focused":0.0418,"study_halfhearted":0.0422,"turn_light_off":0.0174,"use_computer":0.0507,"use_phone":0.0449}	idle	idle	505	784	279	745	1024	279	118	20	2	1	True
history	3	510	Day 1 08:30	True	13	[{"action":"idle","target":"","planned_minutes":10},{"action":"use_phone","target":"phone","planned_minutes":25},{"action":"shop_on_phone","target":"phone","planned_minutes":20},{"action":"use_computer","target":"computer","planned_minutes":30},{"action":"study_at_computer","target":"computer","planned_minutes":35},{"action":"study_focused","target":"desk","planned_minutes":35},{"action":"study_halfhearted","target":"desk","planned_minutes":35},{"action":"rest_at_bed","target":"bed","planned_minutes":60},{"action":"sleep_at_bed","target":"bed","planned_minutes":480},{"action":"go_to_bathroom","target":"door","planned_minutes":15},{"action":"get_meal","target":"door","planned_minutes":35},{"action":"turn_light_off","target":"light","planned_minutes":1},{"action":"close_curtain","target":"window","planned_minutes":1}]	1	480	0.9999	{"close_curtain":0.0227,"get_meal":0.0098,"go_to_bathroom":0.0062,"idle":0.5439,"rest_at_bed":0.0353,"shop_on_phone":0.019,"sleep_at_bed":0.0423,"study_at_computer":0.0495,"study_focused":0.0475,"study_halfhearted":0.0484,"turn_light_off":0.0224,"use_computer":0.0973,"use_phone":0.0556}	idle	idle	513	784	271	753	1024	271	118	20	3	1	True
history	4	520	Day 1 08:40	True	13	[{"action":"idle","target":"","planned_minutes":10},{"action":"use_phone","target":"phone","planned_minutes":25},{"action":"shop_on_phone","target":"phone","planned_minutes":20},{"action":"use_computer","target":"computer","planned_minutes":30},{"action":"study_at_computer","target":"computer","planned_minutes":35},{"action":"study_focused","target":"desk","planned_minutes":35},{"action":"study_halfhearted","target":"desk","planned_minutes":35},{"action":"rest_at_bed","target":"bed","planned_minutes":60},{"action":"sleep_at_bed","target":"bed","planned_minutes":480},{"action":"go_to_bathroom","target":"door","planned_minutes":15},{"action":"get_meal","target":"door","planned_minutes":35},{"action":"turn_light_off","target":"light","planned_minutes":1},{"action":"close_curtain","target":"window","planned_minutes":1}]	1	480	0.9999	{"close_curtain":0.0265,"get_meal":0.0142,"go_to_bathroom":0.0084,"idle":0.4477,"rest_at_bed":0.0491,"shop_on_phone":0.023,"sleep_at_bed":0.0485,"study_at_computer":0.0695,"study_focused":0.0711,"study_halfhearted":0.079,"turn_light_off":0.0257,"use_computer":0.0736,"use_phone":0.0636}	idle	study_halfhearted	519	784	265	759	1024	265	118	20	4	1	True
history	5	555	Day 1 09:15	True	13	[{"action":"idle","target":"","planned_minutes":10},{"action":"use_phone","target":"phone","planned_minutes":25},{"action":"shop_on_phone","target":"phone","planned_minutes":20},{"action":"use_computer","target":"computer","planned_minutes":30},{"action":"study_at_computer","target":"computer","planned_minutes":35},{"action":"study_focused","target":"desk","planned_minutes":35},{"action":"study_halfhearted","target":"desk","planned_minutes":35},{"action":"rest_at_bed","target":"bed","planned_minutes":60},{"action":"sleep_at_bed","target":"bed","planned_minutes":480},{"action":"go_to_bathroom","target":"door","planned_minutes":15},{"action":"get_meal","target":"door","planned_minutes":35},{"action":"turn_light_off","target":"light","planned_minutes":1},{"action":"close_curtain","target":"window","planned_minutes":1}]	1	480	1.0001	{"close_curtain":0.0122,"get_meal":0.0074,"go_to_bathroom":0.0022,"idle":0.148,"rest_at_bed":0.0046,"shop_on_phone":0.0105,"sleep_at_bed":0.005,"study_at_computer":0.1124,"study_focused":0.2549,"study_halfhearted":0.3509,"turn_light_off":0.0142,"use_computer":0.0476,"use_phone":0.0302}	study_halfhearted	study_halfhearted	547	784	237	787	1024	237	118	20	5	2	True
history	6	590	Day 1 09:50	True	13	[{"action":"idle","target":"","planned_minutes":10},{"action":"use_phone","target":"phone","planned_minutes":25},{"action":"shop_on_phone","target":"phone","planned_minutes":20},{"action":"use_computer","target":"computer","planned_minutes":30},{"action":"study_at_computer","target":"computer","planned_minutes":35},{"action":"study_focused","target":"desk","planned_minutes":35},{"action":"study_halfhearted","target":"desk","planned_minutes":35},{"action":"rest_at_bed","target":"bed","planned_minutes":60},{"action":"sleep_at_bed","target":"bed","planned_minutes":480},{"action":"go_to_bathroom","target":"door","planned_minutes":15},{"action":"get_meal","target":"door","planned_minutes":35},{"action":"turn_light_off","target":"light","planned_minutes":1},{"action":"close_curtain","target":"window","planned_minutes":1}]	1	480	1.0001	{"close_curtain":0.0192,"get_meal":0.0197,"go_to_bathroom":0.0051,"idle":0.1296,"rest_at_bed":0.0211,"shop_on_phone":0.0169,"sleep_at_bed":0.024,"study_at_computer":0.1557,"study_focused":0.1622,"study_halfhearted":0.3101,"turn_light_off":0.0224,"use_computer":0.0684,"use_phone":0.0457}	study_halfhearted	study_at_computer	562	784	222	802	1024	222	118	20	6	2	True
history	7	625	Day 1 10:25	True	13	[{"action":"idle","target":"","planned_minutes":10},{"action":"use_phone","target":"phone","planned_minutes":25},{"action":"shop_on_phone","target":"phone","planned_minutes":20},{"action":"use_computer","target":"computer","planned_minutes":30},{"action":"study_at_computer","target":"computer","planned_minutes":35},{"action":"study_focused","target":"desk","planned_minutes":35},{"action":"study_halfhearted","target":"desk","planned_minutes":35},{"action":"rest_at_bed","target":"bed","planned_minutes":60},{"action":"sleep_at_bed","target":"bed","planned_minutes":480},{"action":"go_to_bathroom","target":"door","planned_minutes":15},{"action":"get_meal","target":"door","planned_minutes":35},{"action":"turn_light_off","target":"light","planned_minutes":1},{"action":"close_curtain","target":"window","planned_minutes":1}]	1	480	1.0	{"close_curtain":0.012,"get_meal":0.01,"go_to_bathroom":0.003,"idle":0.0723,"rest_at_bed":0.0101,"shop_on_phone":0.0125,"sleep_at_bed":0.0109,"study_at_computer":0.3286,"study_focused":0.1454,"study_halfhearted":0.2324,"turn_light_off":0.0107,"use_computer":0.1053,"use_phone":0.0468}	study_at_computer	use_phone	588	784	196	828	1024	196	118	20	7	3	True
history	8	650	Day 1 10:50	True	13	[{"action":"idle","target":"","planned_minutes":10},{"action":"use_phone","target":"phone","planned_minutes":25},{"action":"shop_on_phone","target":"phone","planned_minutes":20},{"action":"use_computer","target":"computer","planned_minutes":30},{"action":"study_at_computer","target":"computer","planned_minutes":35},{"action":"study_focused","target":"desk","planned_minutes":35},{"action":"study_halfhearted","target":"desk","planned_minutes":35},{"action":"rest_at_bed","target":"bed","planned_minutes":60},{"action":"sleep_at_bed","target":"bed","planned_minutes":480},{"action":"go_to_bathroom","target":"door","planned_minutes":15},{"action":"get_meal","target":"door","planned_minutes":35},{"action":"turn_light_off","target":"light","planned_minutes":1},{"action":"close_curtain","target":"window","planned_minutes":1}]	1	480	1.0001	{"close_curtain":0.0126,"get_meal":0.0118,"go_to_bathroom":0.0034,"idle":0.0851,"rest_at_bed":0.0164,"shop_on_phone":0.0365,"sleep_at_bed":0.0157,"study_at_computer":0.2197,"study_focused":0.1391,"study_halfhearted":0.2127,"turn_light_off":0.0106,"use_computer":0.1413,"use_phone":0.0952}	study_at_computer	study_halfhearted	604	784	180	844	1024	180	118	20	8	4	True
history	9	685	Day 1 11:25	True	13	[{"action":"idle","target":"","planned_minutes":10},{"action":"use_phone","target":"phone","planned_minutes":25},{"action":"shop_on_phone","target":"phone","planned_minutes":20},{"action":"use_computer","target":"computer","planned_minutes":30},{"action":"study_at_computer","target":"computer","planned_minutes":35},{"action":"study_focused","target":"desk","planned_minutes":35},{"action":"study_halfhearted","target":"desk","planned_minutes":35},{"action":"rest_at_bed","target":"bed","planned_minutes":60},{"action":"sleep_at_bed","target":"bed","planned_minutes":480},{"action":"go_to_bathroom","target":"door","planned_minutes":15},{"action":"get_meal","target":"door","planned_minutes":35},{"action":"turn_light_off","target":"light","planned_minutes":1},{"action":"close_curtain","target":"window","planned_minutes":1}]	1	480	1.0001	{"close_curtain":0.0143,"get_meal":0.0116,"go_to_bathroom":0.0035,"idle":0.1025,"rest_at_bed":0.0222,"shop_on_phone":0.0315,"sleep_at_bed":0.0202,"study_at_computer":0.1994,"study_focused":0.1427,"study_halfhearted":0.2338,"turn_light_off":0.0125,"use_computer":0.1199,"use_phone":0.086}	study_halfhearted	rest_at_bed	610	784	174	850	1024	174	118	20	9	4	True
history	10	745	Day 1 12:25	True	13	[{"action":"idle","target":"","planned_minutes":10},{"action":"use_phone","target":"phone","planned_minutes":25},{"action":"shop_on_phone","target":"phone","planned_minutes":20},{"action":"use_computer","target":"computer","planned_minutes":30},{"action":"study_at_computer","target":"computer","planned_minutes":35},{"action":"study_focused","target":"desk","planned_minutes":35},{"action":"study_halfhearted","target":"desk","planned_minutes":35},{"action":"rest_at_bed","target":"bed","planned_minutes":60},{"action":"sleep_at_bed","target":"bed","planned_minutes":480},{"action":"go_to_bathroom","target":"door","planned_minutes":15},{"action":"get_meal","target":"door","planned_minutes":35},{"action":"turn_light_off","target":"light","planned_minutes":1},{"action":"close_curtain","target":"window","planned_minutes":1}]	1	480	1.0001	{"close_curtain":0.0162,"get_meal":0.0146,"go_to_bathroom":0.0055,"idle":0.1062,"rest_at_bed":0.0783,"shop_on_phone":0.033,"sleep_at_bed":0.0336,"study_at_computer":0.1744,"study_focused":0.1292,"study_halfhearted":0.194,"turn_light_off":0.0138,"use_computer":0.1193,"use_phone":0.082}	study_halfhearted	study_halfhearted	632	784	152	872	1024	152	118	20	10	5	True
history	11	780	Day 1 13:00	True	13	[{"action":"idle","target":"","planned_minutes":10},{"action":"use_phone","target":"phone","planned_minutes":25},{"action":"shop_on_phone","target":"phone","planned_minutes":20},{"action":"use_computer","target":"computer","planned_minutes":30},{"action":"study_at_computer","target":"computer","planned_minutes":35},{"action":"study_focused","target":"desk","planned_minutes":35},{"action":"study_halfhearted","target":"desk","planned_minutes":35},{"action":"rest_at_bed","target":"bed","planned_minutes":60},{"action":"sleep_at_bed","target":"bed","planned_minutes":480},{"action":"go_to_bathroom","target":"door","planned_minutes":15},{"action":"get_meal","target":"door","planned_minutes":35},{"action":"turn_light_off","target":"light","planned_minutes":1},{"action":"close_curtain","target":"window","planned_minutes":1}]	1	480	0.9999	{"close_curtain":0.0134,"get_meal":0.0128,"go_to_bathroom":0.0042,"idle":0.0901,"rest_at_bed":0.0629,"shop_on_phone":0.0287,"sleep_at_bed":0.027,"study_at_computer":0.1757,"study_focused":0.1444,"study_halfhearted":0.2401,"turn_light_off":0.0109,"use_computer":0.1138,"use_phone":0.0759}	study_halfhearted	study_at_computer	636	784	148	876	1024	148	118	20	11	5	True
history	12	815	Day 1 13:35	True	13	[{"action":"idle","target":"","planned_minutes":10},{"action":"use_phone","target":"phone","planned_minutes":25},{"action":"shop_on_phone","target":"phone","planned_minutes":20},{"action":"use_computer","target":"computer","planned_minutes":30},{"action":"study_at_computer","target":"computer","planned_minutes":35},{"action":"study_focused","target":"desk","planned_minutes":35},{"action":"study_halfhearted","target":"desk","planned_minutes":35},{"action":"rest_at_bed","target":"bed","planned_minutes":60},{"action":"sleep_at_bed","target":"bed","planned_minutes":480},{"action":"go_to_bathroom","target":"door","planned_minutes":15},{"action":"get_meal","target":"door","planned_minutes":35},{"action":"turn_light_off","target":"light","planned_minutes":1},{"action":"close_curtain","target":"window","planned_minutes":1}]	1	480	1.0002	{"close_curtain":0.016,"get_meal":0.0142,"go_to_bathroom":0.0051,"idle":0.1074,"rest_at_bed":0.0498,"shop_on_phone":0.0277,"sleep_at_bed":0.0262,"study_at_computer":0.1815,"study_focused":0.1427,"study_halfhearted":0.2228,"turn_light_off":0.0131,"use_computer":0.1227,"use_phone":0.071}	study_halfhearted	rest_at_bed	651	784	133	891	1024	133	118	20	12	5	True
history	13	875	Day 1 14:35	True	13	[{"action":"idle","target":"","planned_minutes":10},{"action":"use_phone","target":"phone","planned_minutes":25},{"action":"shop_on_phone","target":"phone","planned_minutes":20},{"action":"use_computer","target":"computer","planned_minutes":30},{"action":"study_at_computer","target":"computer","planned_minutes":35},{"action":"study_focused","target":"desk","planned_minutes":35},{"action":"study_halfhearted","target":"desk","planned_minutes":35},{"action":"rest_at_bed","target":"bed","planned_minutes":60},{"action":"sleep_at_bed","target":"bed","planned_minutes":480},{"action":"go_to_bathroom","target":"door","planned_minutes":15},{"action":"get_meal","target":"door","planned_minutes":35},{"action":"turn_light_off","target":"light","planned_minutes":1},{"action":"close_curtain","target":"window","planned_minutes":1}]	1	480	1.0001	{"close_curtain":0.0138,"get_meal":0.013,"go_to_bathroom":0.0067,"idle":0.096,"rest_at_bed":0.0712,"shop_on_phone":0.0315,"sleep_at_bed":0.0355,"study_at_computer":0.1888,"study_focused":0.1263,"study_halfhearted":0.2045,"turn_light_off":0.013,"use_computer":0.1172,"use_phone":0.0826}	study_halfhearted	sleep_at_bed	662	784	122	902	1024	122	118	20	13	5	True
history	14	935	Day 1 15:35	True	13	[{"action":"idle","target":"","planned_minutes":10},{"action":"use_phone","target":"phone","planned_minutes":25},{"action":"shop_on_phone","target":"phone","planned_minutes":20},{"action":"use_computer","target":"computer","planned_minutes":30},{"action":"study_at_computer","target":"computer","planned_minutes":35},{"action":"study_focused","target":"desk","planned_minutes":35},{"action":"study_halfhearted","target":"desk","planned_minutes":35},{"action":"rest_at_bed","target":"bed","planned_minutes":60},{"action":"sleep_at_bed","target":"bed","planned_minutes":480},{"action":"go_to_bathroom","target":"door","planned_minutes":15},{"action":"get_meal","target":"door","planned_minutes":35},{"action":"turn_light_off","target":"light","planned_minutes":1},{"action":"close_curtain","target":"window","planned_minutes":1}]	1	480	1.0	{"close_curtain":0.0128,"get_meal":0.014,"go_to_bathroom":0.0077,"idle":0.0914,"rest_at_bed":0.1115,"shop_on_phone":0.0276,"sleep_at_bed":0.0745,"study_at_computer":0.1631,"study_focused":0.1101,"study_halfhearted":0.1877,"turn_light_off":0.0126,"use_computer":0.0997,"use_phone":0.0873}	study_halfhearted	study_at_computer	677	784	107	917	1024	107	118	20	13	5	True
history	15	970	Day 1 16:10	True	13	[{"action":"idle","target":"","planned_minutes":10},{"action":"use_phone","target":"phone","planned_minutes":25},{"action":"shop_on_phone","target":"phone","planned_minutes":20},{"action":"use_computer","target":"computer","planned_minutes":30},{"action":"study_at_computer","target":"computer","planned_minutes":35},{"action":"study_focused","target":"desk","planned_minutes":35},{"action":"study_halfhearted","target":"desk","planned_minutes":35},{"action":"rest_at_bed","target":"bed","planned_minutes":60},{"action":"sleep_at_bed","target":"bed","planned_minutes":480},{"action":"go_to_bathroom","target":"door","planned_minutes":15},{"action":"get_meal","target":"door","planned_minutes":35},{"action":"turn_light_off","target":"light","planned_minutes":1},{"action":"close_curtain","target":"window","planned_minutes":1}]	1	480	1.0	{"close_curtain":0.0141,"get_meal":0.01,"go_to_bathroom":0.0046,"idle":0.1088,"rest_at_bed":0.0853,"shop_on_phone":0.0274,"sleep_at_bed":0.0523,"study_at_computer":0.1718,"study_focused":0.137,"study_halfhearted":0.195,"turn_light_off":0.0126,"use_computer":0.1184,"use_phone":0.0627}	study_halfhearted	idle	688	784	96	928	1024	96	118	20	15	6	True
history	16	980	Day 1 16:20	True	13	[{"action":"idle","target":"","planned_minutes":10},{"action":"use_phone","target":"phone","planned_minutes":25},{"action":"shop_on_phone","target":"phone","planned_minutes":20},{"action":"use_computer","target":"computer","planned_minutes":30},{"action":"study_at_computer","target":"computer","planned_minutes":35},{"action":"study_focused","target":"desk","planned_minutes":35},{"action":"study_halfhearted","target":"desk","planned_minutes":35},{"action":"rest_at_bed","target":"bed","planned_minutes":60},{"action":"sleep_at_bed","target":"bed","planned_minutes":480},{"action":"go_to_bathroom","target":"door","planned_minutes":15},{"action":"get_meal","target":"door","planned_minutes":35},{"action":"turn_light_off","target":"light","planned_minutes":1},{"action":"close_curtain","target":"window","planned_minutes":1}]	1	480	1.0001	{"close_curtain":0.0148,"get_meal":0.0133,"go_to_bathroom":0.0052,"idle":0.113,"rest_at_bed":0.0894,"shop_on_phone":0.0249,"sleep_at_bed":0.0579,"study_at_computer":0.1577,"study_focused":0.1361,"study_halfhearted":0.2118,"turn_light_off":0.0145,"use_computer":0.1013,"use_phone":0.0602}	study_halfhearted	shop_on_phone	694	784	90	934	1024	90	118	20	16	6	True
history	17	1000	Day 1 16:40	True	13	[{"action":"idle","target":"","planned_minutes":10},{"action":"use_phone","target":"phone","planned_minutes":25},{"action":"shop_on_phone","target":"phone","planned_minutes":20},{"action":"use_computer","target":"computer","planned_minutes":30},{"action":"study_at_computer","target":"computer","planned_minutes":35},{"action":"study_focused","target":"desk","planned_minutes":35},{"action":"study_halfhearted","target":"desk","planned_minutes":35},{"action":"rest_at_bed","target":"bed","planned_minutes":60},{"action":"sleep_at_bed","target":"bed","planned_minutes":480},{"action":"go_to_bathroom","target":"door","planned_minutes":15},{"action":"get_meal","target":"door","planned_minutes":35},{"action":"turn_light_off","target":"light","planned_minutes":1},{"action":"close_curtain","target":"window","planned_minutes":1}]	1	480	1.0	{"close_curtain":0.0141,"get_meal":0.012,"go_to_bathroom":0.0055,"idle":0.1012,"rest_at_bed":0.0745,"shop_on_phone":0.0554,"sleep_at_bed":0.0572,"study_at_computer":0.1533,"study_focused":0.1286,"study_halfhearted":0.1967,"turn_light_off":0.0146,"use_computer":0.1084,"use_phone":0.0785}	study_halfhearted	study_focused	693	784	91	933	1024	91	118	20	16	7	True
history	18	1035	Day 1 17:15	True	13	[{"action":"idle","target":"","planned_minutes":10},{"action":"use_phone","target":"phone","planned_minutes":25},{"action":"shop_on_phone","target":"phone","planned_minutes":20},{"action":"use_computer","target":"computer","planned_minutes":30},{"action":"study_at_computer","target":"computer","planned_minutes":35},{"action":"study_focused","target":"desk","planned_minutes":35},{"action":"study_halfhearted","target":"desk","planned_minutes":35},{"action":"rest_at_bed","target":"bed","planned_minutes":60},{"action":"sleep_at_bed","target":"bed","planned_minutes":480},{"action":"go_to_bathroom","target":"door","planned_minutes":15},{"action":"get_meal","target":"door","planned_minutes":35},{"action":"turn_light_off","target":"light","planned_minutes":1},{"action":"close_curtain","target":"window","planned_minutes":1}]	1	480	1.0001	{"close_curtain":0.0127,"get_meal":0.0115,"go_to_bathroom":0.0044,"idle":0.0912,"rest_at_bed":0.042,"shop_on_phone":0.0403,"sleep_at_bed":0.0277,"study_at_computer":0.1491,"study_focused":0.2429,"study_halfhearted":0.1911,"turn_light_off":0.0108,"use_computer":0.0965,"use_phone":0.0799}	study_focused	study_focused	717	784	67	957	1024	67	118	20	16	8	True
history	19	1070	Day 1 17:50	True	13	[{"action":"idle","target":"","planned_minutes":10},{"action":"use_phone","target":"phone","planned_minutes":25},{"action":"shop_on_phone","target":"phone","planned_minutes":20},{"action":"use_computer","target":"computer","planned_minutes":30},{"action":"study_at_computer","target":"computer","planned_minutes":35},{"action":"study_focused","target":"desk","planned_minutes":35},{"action":"study_halfhearted","target":"desk","planned_minutes":35},{"action":"rest_at_bed","target":"bed","planned_minutes":60},{"action":"sleep_at_bed","target":"bed","planned_minutes":480},{"action":"go_to_bathroom","target":"door","planned_minutes":15},{"action":"get_meal","target":"door","planned_minutes":35},{"action":"turn_light_off","target":"light","planned_minutes":1},{"action":"close_curtain","target":"window","planned_minutes":1}]	1	480	0.9999	{"close_curtain":0.015,"get_meal":0.015,"go_to_bathroom":0.0058,"idle":0.0723,"rest_at_bed":0.0562,"shop_on_phone":0.0441,"sleep_at_bed":0.0396,"study_at_computer":0.1505,"study_focused":0.2226,"study_halfhearted":0.1848,"turn_light_off":0.0149,"use_computer":0.1025,"use_phone":0.0766}	study_focused	study_at_computer	721	784	63	961	1024	63	118	20	16	8	True
history	20	1105	Day 1 18:25	True	13	[{"action":"idle","target":"","planned_minutes":10},{"action":"use_phone","target":"phone","planned_minutes":25},{"action":"shop_on_phone","target":"phone","planned_minutes":20},{"action":"use_computer","target":"computer","planned_minutes":30},{"action":"study_at_computer","target":"computer","planned_minutes":35},{"action":"study_focused","target":"desk","planned_minutes":35},{"action":"study_halfhearted","target":"desk","planned_minutes":35},{"action":"rest_at_bed","target":"bed","planned_minutes":60},{"action":"sleep_at_bed","target":"bed","planned_minutes":480},{"action":"go_to_bathroom","target":"door","planned_minutes":15},{"action":"get_meal","target":"door","planned_minutes":35},{"action":"turn_light_off","target":"light","planned_minutes":1},{"action":"close_curtain","target":"window","planned_minutes":1}]	1	480	1.0	{"close_curtain":0.0132,"get_meal":0.012,"go_to_bathroom":0.0045,"idle":0.053,"rest_at_bed":0.0374,"shop_on_phone":0.0324,"sleep_at_bed":0.0271,"study_at_computer":0.1979,"study_focused":0.2234,"study_halfhearted":0.2048,"turn_light_off":0.0107,"use_computer":0.1156,"use_phone":0.068}	study_focused	study_halfhearted	735	784	49	975	1024	49	118	20	16	8	True
history	21	1140	Day 1 19:00	True	13	[{"action":"idle","target":"","planned_minutes":10},{"action":"use_phone","target":"phone","planned_minutes":25},{"action":"shop_on_phone","target":"phone","planned_minutes":20},{"action":"use_computer","target":"computer","planned_minutes":30},{"action":"study_at_computer","target":"computer","planned_minutes":35},{"action":"study_focused","target":"desk","planned_minutes":35},{"action":"study_halfhearted","target":"desk","planned_minutes":35},{"action":"rest_at_bed","target":"bed","planned_minutes":60},{"action":"sleep_at_bed","target":"bed","planned_minutes":480},{"action":"go_to_bathroom","target":"door","planned_minutes":15},{"action":"get_meal","target":"door","planned_minutes":35},{"action":"turn_light_off","target":"light","planned_minutes":1},{"action":"close_curtain","target":"window","planned_minutes":1}]	1	480	1.0	{"close_curtain":0.0144,"get_meal":0.0112,"go_to_bathroom":0.0047,"idle":0.0454,"rest_at_bed":0.0397,"shop_on_phone":0.0361,"sleep_at_bed":0.032,"study_at_computer":0.1876,"study_focused":0.2291,"study_halfhearted":0.203,"turn_light_off":0.0115,"use_computer":0.111,"use_phone":0.0743}	study_focused	shop_on_phone	738	784	46	978	1024	46	118	20	16	8	True
history	22	1160	Day 1 19:20	True	1	[{"action":"get_meal","target":"door","planned_minutes":35}]	35	35	1.0	{"get_meal":1.0}	get_meal	get_meal	736	894	158	866	1024	158	118	130	16	8	True
history	23	1195	Day 1 19:55	True	13	[{"action":"idle","target":"","planned_minutes":10},{"action":"use_phone","target":"phone","planned_minutes":25},{"action":"shop_on_phone","target":"phone","planned_minutes":20},{"action":"use_computer","target":"computer","planned_minutes":30},{"action":"study_at_computer","target":"computer","planned_minutes":35},{"action":"study_focused","target":"desk","planned_minutes":35},{"action":"study_halfhearted","target":"desk","planned_minutes":35},{"action":"rest_at_bed","target":"bed","planned_minutes":60},{"action":"sleep_at_bed","target":"bed","planned_minutes":480},{"action":"go_to_bathroom","target":"door","planned_minutes":15},{"action":"get_meal","target":"door","planned_minutes":35},{"action":"turn_light_off","target":"light","planned_minutes":1},{"action":"close_curtain","target":"window","planned_minutes":1}]	1	480	0.9999	{"close_curtain":0.0146,"get_meal":0.0403,"go_to_bathroom":0.0117,"idle":0.0684,"rest_at_bed":0.0538,"shop_on_phone":0.0574,"sleep_at_bed":0.0405,"study_at_computer":0.1258,"study_focused":0.1627,"study_halfhearted":0.1793,"turn_light_off":0.0164,"use_computer":0.1155,"use_phone":0.1135}	study_halfhearted	study_halfhearted	750	784	34	990	1024	34	118	20	16	9	True
history	24	1230	Day 1 20:30	True	4	[{"action":"rest_at_bed","target":"bed","planned_minutes":60},{"action":"sleep_at_bed","target":"bed","planned_minutes":480},{"action":"go_to_bathroom","target":"door","planned_minutes":15},{"action":"get_meal","target":"door","planned_minutes":35}]	15	480	1.0001	{"get_meal":0.2656,"go_to_bathroom":0.1968,"rest_at_bed":0.2742,"sleep_at_bed":0.2635}	rest_at_bed	rest_at_bed	742	862	120	904	1024	120	118	98	16	9	True
history	25	1290	Day 1 21:30	True	13	[{"action":"idle","target":"","planned_minutes":10},{"action":"use_phone","target":"phone","planned_minutes":25},{"action":"shop_on_phone","target":"phone","planned_minutes":20},{"action":"use_computer","target":"computer","planned_minutes":30},{"action":"study_at_computer","target":"computer","planned_minutes":35},{"action":"study_focused","target":"desk","planned_minutes":35},{"action":"study_halfhearted","target":"desk","planned_minutes":35},{"action":"rest_at_bed","target":"bed","planned_minutes":60},{"action":"sleep_at_bed","target":"bed","planned_minutes":480},{"action":"go_to_bathroom","target":"door","planned_minutes":15},{"action":"get_meal","target":"door","planned_minutes":35},{"action":"turn_light_off","target":"light","planned_minutes":1},{"action":"close_curtain","target":"window","planned_minutes":1}]	1	480	1.0	{"close_curtain":0.0115,"get_meal":0.0518,"go_to_bathroom":0.0095,"idle":0.0525,"rest_at_bed":0.0876,"shop_on_phone":0.0474,"sleep_at_bed":0.0507,"study_at_computer":0.1316,"study_focused":0.1692,"study_halfhearted":0.1767,"turn_light_off":0.0113,"use_computer":0.1195,"use_phone":0.0807}	study_halfhearted	study_focused	747	784	37	987	1024	37	118	20	16	9	True
history	26	1325	Day 1 22:05	True	4	[{"action":"rest_at_bed","target":"bed","planned_minutes":60},{"action":"sleep_at_bed","target":"bed","planned_minutes":480},{"action":"go_to_bathroom","target":"door","planned_minutes":15},{"action":"get_meal","target":"door","planned_minutes":35}]	15	480	1.0	{"get_meal":0.2698,"go_to_bathroom":0.2047,"rest_at_bed":0.2705,"sleep_at_bed":0.255}	rest_at_bed	get_meal	741	862	121	903	1024	121	118	98	16	9	True
history	27	1360	Day 1 22:40	True	4	[{"action":"rest_at_bed","target":"bed","planned_minutes":60},{"action":"sleep_at_bed","target":"bed","planned_minutes":480},{"action":"go_to_bathroom","target":"door","planned_minutes":15},{"action":"get_meal","target":"door","planned_minutes":35}]	15	480	1.0	{"get_meal":0.276,"go_to_bathroom":0.1953,"rest_at_bed":0.2699,"sleep_at_bed":0.2588}	get_meal	rest_at_bed	744	862	118	906	1024	118	118	98	16	9	True
history	28	1420	Day 1 23:40	True	4	[{"action":"rest_at_bed","target":"bed","planned_minutes":60},{"action":"sleep_at_bed","target":"bed","planned_minutes":480},{"action":"go_to_bathroom","target":"door","planned_minutes":15},{"action":"get_meal","target":"door","planned_minutes":35}]	15	480	0.9999	{"get_meal":0.2761,"go_to_bathroom":0.1897,"rest_at_bed":0.2748,"sleep_at_bed":0.2593}	get_meal	rest_at_bed	747	862	115	909	1024	115	118	98	16	9	True
history	29	1480	Day 2 00:40	True	1	[{"action":"go_to_bathroom","target":"door","planned_minutes":15}]	15	15	1.0	{"go_to_bathroom":1.0}	go_to_bathroom	go_to_bathroom	746	890	144	880	1024	144	118	126	16	9	True
history	30	1495	Day 2 00:55	True	13	[{"action":"idle","target":"","planned_minutes":10},{"action":"use_phone","target":"phone","planned_minutes":25},{"action":"shop_on_phone","target":"phone","planned_minutes":20},{"action":"use_computer","target":"computer","planned_minutes":30},{"action":"study_at_computer","target":"computer","planned_minutes":35},{"action":"study_focused","target":"desk","planned_minutes":35},{"action":"study_halfhearted","target":"desk","planned_minutes":35},{"action":"rest_at_bed","target":"bed","planned_minutes":60},{"action":"sleep_at_bed","target":"bed","planned_minutes":480},{"action":"go_to_bathroom","target":"door","planned_minutes":15},{"action":"get_meal","target":"door","planned_minutes":35},{"action":"turn_light_off","target":"light","planned_minutes":1},{"action":"close_curtain","target":"window","planned_minutes":1}]	1	480	1.0	{"close_curtain":0.0125,"get_meal":0.0364,"go_to_bathroom":0.0232,"idle":0.0424,"rest_at_bed":0.0428,"shop_on_phone":0.0322,"sleep_at_bed":0.0229,"study_at_computer":0.2074,"study_focused":0.1879,"study_halfhearted":0.188,"turn_light_off":0.0123,"use_computer":0.1389,"use_phone":0.0531}	study_at_computer	use_phone	751	784	33	991	1024	33	118	20	16	10	True
history	31	1520	Day 2 01:20	True	4	[{"action":"rest_at_bed","target":"bed","planned_minutes":60},{"action":"sleep_at_bed","target":"bed","planned_minutes":480},{"action":"go_to_bathroom","target":"door","planned_minutes":15},{"action":"get_meal","target":"door","planned_minutes":35}]	15	480	1.0001	{"get_meal":0.257,"go_to_bathroom":0.2396,"rest_at_bed":0.255,"sleep_at_bed":0.2485}	get_meal	sleep_at_bed	759	862	103	921	1024	103	118	98	16	10	True
history	32	1820	Day 2 06:20	True	13	[{"action":"idle","target":"","planned_minutes":10},{"action":"use_phone","target":"phone","planned_minutes":25},{"action":"shop_on_phone","target":"phone","planned_minutes":20},{"action":"use_computer","target":"computer","planned_minutes":30},{"action":"study_at_computer","target":"computer","planned_minutes":35},{"action":"study_focused","target":"desk","planned_minutes":35},{"action":"study_halfhearted","target":"desk","planned_minutes":35},{"action":"rest_at_bed","target":"bed","planned_minutes":60},{"action":"sleep_at_bed","target":"bed","planned_minutes":480},{"action":"go_to_bathroom","target":"door","planned_minutes":15},{"action":"get_meal","target":"door","planned_minutes":35},{"action":"turn_light_off","target":"light","planned_minutes":1},{"action":"close_curtain","target":"window","planned_minutes":1}]	1	480	0.9999	{"close_curtain":0.0115,"get_meal":0.0289,"go_to_bathroom":0.0209,"idle":0.0597,"rest_at_bed":0.0836,"shop_on_phone":0.0328,"sleep_at_bed":0.0613,"study_at_computer":0.193,"study_focused":0.1631,"study_halfhearted":0.1618,"turn_light_off":0.0117,"use_computer":0.1105,"use_phone":0.0611}	study_at_computer	study_at_computer	733	784	51	973	1024	51	118	20	12	10	True
history	33	1855	Day 2 06:55	True	13	[{"action":"idle","target":"","planned_minutes":10},{"action":"use_phone","target":"phone","planned_minutes":25},{"action":"shop_on_phone","target":"phone","planned_minutes":20},{"action":"use_computer","target":"computer","planned_minutes":30},{"action":"study_at_computer","target":"computer","planned_minutes":35},{"action":"study_focused","target":"desk","planned_minutes":35},{"action":"study_halfhearted","target":"desk","planned_minutes":35},{"action":"rest_at_bed","target":"bed","planned_minutes":60},{"action":"sleep_at_bed","target":"bed","planned_minutes":480},{"action":"go_to_bathroom","target":"door","planned_minutes":15},{"action":"get_meal","target":"door","planned_minutes":35},{"action":"turn_light_off","target":"light","planned_minutes":1},{"action":"close_curtain","target":"window","planned_minutes":1}]	1	480	0.9999	{"close_curtain":0.0138,"get_meal":0.032,"go_to_bathroom":0.0155,"idle":0.0582,"rest_at_bed":0.0527,"shop_on_phone":0.0414,"sleep_at_bed":0.0347,"study_at_computer":0.1932,"study_focused":0.1844,"study_halfhearted":0.1737,"turn_light_off":0.0139,"use_computer":0.1234,"use_phone":0.063}	study_at_computer	study_at_computer	726	784	58	966	1024	58	118	20	13	10	True
history	34	1890	Day 2 07:30	True	13	[{"action":"idle","target":"","planned_minutes":10},{"action":"use_phone","target":"phone","planned_minutes":25},{"action":"shop_on_phone","target":"phone","planned_minutes":20},{"action":"use_computer","target":"computer","planned_minutes":30},{"action":"study_at_computer","target":"computer","planned_minutes":35},{"action":"study_focused","target":"desk","planned_minutes":35},{"action":"study_halfhearted","target":"desk","planned_minutes":35},{"action":"rest_at_bed","target":"bed","planned_minutes":60},{"action":"sleep_at_bed","target":"bed","planned_minutes":480},{"action":"go_to_bathroom","target":"door","planned_minutes":15},{"action":"get_meal","target":"door","planned_minutes":35},{"action":"turn_light_off","target":"light","planned_minutes":1},{"action":"close_curtain","target":"window","planned_minutes":1}]	1	480	1.0	{"close_curtain":0.0122,"get_meal":0.0384,"go_to_bathroom":0.0139,"idle":0.0436,"rest_at_bed":0.0443,"shop_on_phone":0.0431,"sleep_at_bed":0.0327,"study_at_computer":0.1802,"study_focused":0.1813,"study_halfhearted":0.2039,"turn_light_off":0.0118,"use_computer":0.1299,"use_phone":0.0647}	study_halfhearted	turn_light_off	721	784	63	961	1024	63	118	20	12	10	True
history	35	1891	Day 2 07:31	True	10	[{"action":"idle","target":"","planned_minutes":10},{"action":"use_phone","target":"phone","planned_minutes":25},{"action":"shop_on_phone","target":"phone","planned_minutes":20},{"action":"use_computer","target":"computer","planned_minutes":30},{"action":"rest_at_bed","target":"bed","planned_minutes":60},{"action":"sleep_at_bed","target":"bed","planned_minutes":480},{"action":"go_to_bathroom","target":"door","planned_minutes":15},{"action":"get_meal","target":"door","planned_minutes":35},{"action":"turn_light_on","target":"light","planned_minutes":1},{"action":"close_curtain","target":"window","planned_minutes":1}]	1	480	1.0	{"close_curtain":0.0582,"get_meal":0.088,"go_to_bathroom":0.0734,"idle":0.1127,"rest_at_bed":0.0934,"shop_on_phone":0.0956,"sleep_at_bed":0.0907,"turn_light_on":0.1085,"use_computer":0.1632,"use_phone":0.1163}	use_computer	use_computer	729	811	82	942	1024	82	118	47	13	11	True
