condition,feature,theta,w
activity_s,goal_progress,-0.07145136814873247,0.06297832359522076
activity_s,stimulation,-0.01618996198510809,-0.15800911851996252
activity_s,recovery,0.0,0.0
activity_s,hunger_relief,0.0,0.0
activity_s,bathroom_relief,0.0,0.0
activity_s,short_term_reward,0.07145136814871575,-0.06297832359520156
activity_s,environment_control,0.016189961985088354,0.15800911851995786
activity_s,context_relevance,1.8232690314069548,-3.47800442147437
activity_s,has_target,0.0,0.0
activity_s,target_in_scene,0.4037127638360437,-0.006108686175952477
activity_s,target_visible_in_O,-2.24372242752434,4.184181722311131
activity_s,target_in_inventory,0.0,0.0
activity_s,repeated_acquire,0.0,0.0
support_s,goal_progress,-0.05523064054137076,0.03994960627681294
support_s,stimulation,-0.051621637280816916,-0.0635876086581597
support_s,recovery,0.0,0.0
support_s,hunger_relief,0.0,0.0
support_s,bathroom_relief,0.0,0.0
support_s,short_term_reward,0.05523064054136991,-0.03994960627681322
support_s,environment_control,0.05162163728081454,0.06358760865815917
support_s,context_relevance,-0.20362891530038296,-0.1858352674139933
support_s,has_target,0.0,0.0
support_s,target_in_scene,0.3408742395537561,0.04575203961595299
support_s,target_visible_in_O,0.29863831177409206,-0.10589621808411151
support_s,target_in_inventory,0.0,0.0
support_s,repeated_acquire,0.0,0.0
theory_s,goal_progress,-0.04881484147448011,0.052474997460979174
theory_s,stimulation,-0.04261913346364113,-0.11299446776240653
theory_s,recovery,0.0,0.0
theory_s,hunger_relief,0.0,0.0
theory_s,bathroom_relief,0.0,0.0
theory_s,short_term_reward,0.048814841474480286,-0.05247499746097913
theory_s,environment_control,0.04261913346364138,0.11299446776240653
theory_s,context_relevance,-0.0761557653398592,-0.15317759884369284
theory_s,has_target,0.0,0.0
theory_s,target_in_scene,0.24852062122483656,0.11406029876164374
theory_s,target_visible_in_O,0.0848903968434141,-0.08054478006218037
theory_s,target_in_inventory,0.0,0.0
theory_s,repeated_acquire,0.0,0.0
retrained_no_s,goal_progress,-0.05140896075847333,0.0
retrained_no_s,stimulation,-0.06733416694279577,0.0
retrained_no_s,recovery,0.0,0.0
retrained_no_s,hunger_relief,0.0,0.0
retrained_no_s,bathroom_relief,0.0,0.0
retrained_no_s,short_term_reward,0.05140896075847351,0.0
retrained_no_s,environment_control,0.06733416694279581,0.0
retrained_no_s,context_relevance,-0.3011085734746589,0.0
retrained_no_s,has_target,0.0,0.0
retrained_no_s,target_in_scene,0.3720612078183547,0.0
retrained_no_s,target_visible_in_O,0.28630161869706516,0.0
retrained_no_s,target_in_inventory,0.0,0.0
retrained_no_s,repeated_acquire,0.0,0.0
